Codigodo fundo,Setor,Preco Atual,Liquidez Diaria,Dividendo,DividendYield,DY (3M)Acumulado,DY (6M)Acumulado,DY (12M)Acumulado,DY (3M)Media,DY (6M)Media,DY (12M)Media,DY Ano,Variacao Preco,Rentab.Periodo,Rentab.Acumulada,PatrimonioLiq.,VPA,P/VPA,DYPatrimonial,VariacaoPatrimonial,Rentab. Patr.no Periodo,Rentab. Patr.Acumulada,VacanciaFisica,VacanciaFinanceira,QuantidadeAtivos
FIVN11,Shoppings,"R$ 3,15",4745.0,"R$ 0,00","0,00%","0,00%","0,00%","0,00%","0,00%","0,00%","0,00%",N/A,"0,00%","0,00%","0,00%","R$ 64.863.959,96","R$ 6,89","0,46",N/A,N/A,N/A,N/A,"56,00%",N/A,1
BZLI11,Titulos e Val. Mob.,"R$ 14,70",44041.0,"R$ 0,00","0,00%","0,00%","0,00%","0,00%","0,00%","0,00%","0,00%","0,00%","0,68%","0,68%","1,14%","R$ 438.444.330,80","R$ 11,54","1,27",N/A,N/A,N/A,N/A,N/A,N/A,0
XTED11,Lajes Corporativas,"R$ 6,87",1725.0,"R$ 0,00","0,00%","0,00%","0,00%","0,00%","0,00%","0,00%","0,00%","0,00%","1,10%","1,10%","-37,83%","R$ 25.443.127,93","R$ 14,19","0,48",N/A,N/A,N/A,N/A,"0,00%","100,00%",1
ALMI11,Lajes Corporativas,"R$ 1.100,00",95.0,"R$ 0,00","0,00%","0,00%","0,00%","0,00%","0,00%","0,00%","0,00%","0,00%","2,27%","2,27%","-28,29%","R$ 229.388.402,53","R$ 2.063,27","0,53",N/A,N/A,N/A,N/A,"68,15%",N/A,1
DOMC11,Lajes Corporativas,"R$ 439,00",42.0,"R$ 0,00","0,00%","0,00%","0,00%","0,00%","0,00%","0,00%","0,00%","0,00%","4,35%","4,35%","-10,00%","R$ 263.546.411,18","R$ 107,84","4,07",N/A,N/A,N/A,N/A,"23,44%",N/A,1
PABY11,Hibrido,"R$ 12,00",157.0,"R$ 0,00","0,00%","0,00%","0,00%","0,00%","0,00%","0,00%","0,00%","0,00%","-19,84%","-19,84%","-31,62%","R$ -5.351.458,84","R$ -7,06","-1,70",N/A,N/A,N/A,N/A,N/A,N/A,1
ORPD11,Titulos e Val. Mob.,"R$ 129,99",3.0,"R$ 1,38",N/A,N/A,N/A,N/A,N/A,N/A,N/A,N/A,N/A,N/A,N/A,"R$ 42.360.867,34","R$ 146,07","0,89",N/A,N/A,N/A,N/A,N/A,N/A,0
RBCB11,Outros,"R$ 19,00",161.0,"R$ 0,00","0,00%","0,29%","4,38%","14,62%","0,10%","0,73%","1,22%","4,38%","-71,35%","-71,35%","-75,16%","R$ 0,00","R$ 0,00",Inf,N/A,N/A,N/A,N/A,N/A,N/A,0
ATSA11,Shoppings,"R$ 109,97",90.0,"R$ 0,25","0,18%","0,59%","1,30%","2,97%","0,20%","0,22%","0,25%","0,37%","0,74%","0,92%","1,10%","R$ 173.151.386,14","R$ 98,88","1,11",N/A,N/A,N/A,N/A,"20,90%",N/A,1
XPHT11,Hotel,"R$ 85,56",345.0,"R$ 0,34","0,40%","1,05%","2,23%","0,00%","0,35%","0,37%","0,00%","1,05%","-18,27%","-17,94%","-16,89%","R$ 331.034.343,27","R$ 87,01","0,98",N/A,N/A,N/A,N/A,"78,30%",N/A,5
HTMX11,Hotel,"R$ 105,78",1775.0,"R$ 0,00","0,00%","0,80%","2,20%","5,41%","0,27%","0,37%","0,45%","0,80%","-28,14%","-28,14%","-32,26%","R$ 164.514.258,92","R$ 130,88","0,81",N/A,N/A,N/A,N/A,"72,00%",N/A,23
GSFI11,Shoppings,"R$ 4,10",4081.0,"R$ 0,00","0,03%","0,03%","0,03%","0,03%","0,01%","0,00%","0,00%","0,03%","0,00%","0,03%","0,03%","R$ 953.239.815,02","R$ 13,92","0,29",N/A,N/A,N/A,N/A,"9,60%",N/A,10
NEWU11,Lajes Corporativas,"R$ 39,99",72.0,"R$ 0,00","0,00%","0,00%","0,56%","16,63%","0,00%","0,09%","1,39%","0,61%","-4,04%","-4,04%","-31,62%","R$ 47.427.180,70","R$ 63,92","0,63",N/A,N/A,N/A,N/A,"63,90%",N/A,3
PRSV11,Lajes Corporativas,"R$ 147,50",280.0,"R$ 1,62","0,42%","1,53%","2,91%","5,95%","0,51%","0,48%","0,50%","4,46%","5,30%","5,74%","-11,25%","R$ 46.144.422,87","R$ 236,64","0,62",N/A,N/A,N/A,N/A,"40,90%",N/A,2
FAMB11B,Lajes Corporativas,"R$ 1.211,50",16.0,"R$ 9,16","0,56%","2,17%","4,78%","10,43%","0,72%","0,80%","0,87%","8,82%","-47,80%","-47,51%","-47,80%","R$ 366.285.777,03","R$ 3.495,09","0,35",N/A,N/A,N/A,N/A,"0,00%",N/A,1
FMOF11,Lajes Corporativas,"R$ 73,88",26.0,"R$ 0,64",N/A,N/A,N/A,N/A,N/A,N/A,N/A,N/A,N/A,N/A,N/A,"R$ 67.144.159,73","R$ 132,17","0,56",N/A,N/A,N/A,N/A,"50,00%",N/A,1
GRLV11,Logistica,"R$ 145,50",54618.0,"R$ 0,17","0,00%","0,00%","0,00%","0,00%","0,00%","0,00%","0,00%",N/A,"0,00%","0,00%","60,81%","R$ 6.407.890,29","R$ 5,97","24,38",N/A,N/A,N/A,N/A,"3,70%","3,40%",0
NVIF11B,Outros,N/A,N/A,"R$ 0,30","0,00%","0,00%","0,00%","0,00%","0,00%","0,00%","0,00%",N/A,"0,00%","0,00%","0,00%","R$ 58.735.923,94","R$ 174,08",N/A,N/A,N/A,N/A,N/A,N/A,N/A,0
RBDS11,Residencial,"R$ 22,52",355.0,"R$ 0,00","0,00%","0,00%","0,00%","0,00%","0,00%","0,00%","0,00%","0,00%","0,00%","0,00%","0,00%","R$ 2.847.464,42","R$ 22,51","1,00",N/A,N/A,N/A,N/A,N/A,N/A,0
RBRD11,Hibrido,"R$ 59,03",1948.0,"R$ 0,02","0,04%","0,19%","5,07%","23,53%","0,06%","0,85%","1,96%","0,10%","-14,01%","-13,98%","-13,92%","R$ 131.289.459,19","R$ 70,90","0,83",N/A,N/A,N/A,N/A,"31,72%",N/A,4
FVPQ11,Shoppings,"R$ 139,70",260.0,"R$ 1,40","1,01%","1,43%","1,90%","5,13%","0,48%","0,32%","0,43%","1,38%","-3,11%","-2,13%","-1,77%","R$ 550.322.759,82","R$ 196,53","0,71",N/A,N/A,N/A,N/A,"5,80%",N/A,1
SPVJ11,Outros,N/A,N/A,"R$ 0,70","0,00%","0,00%","0,00%","0,00%","0,00%","0,00%","0,00%",N/A,"0,00%","0,00%","0,00%","R$ 493.158.253,88","R$ 107,39",N/A,N/A,N/A,N/A,N/A,N/A,N/A,0
HOSI11,Hibrido,"R$ 81,00",63.0,"R$ 0,56","0,67%","1,90%","3,79%","0,00%","0,63%","0,63%","0,00%","1,33%","-1,90%","-1,24%","-0,59%","R$ 53.286.209,65","R$ 92,92","0,87",N/A,N/A,N/A,N/A,N/A,N/A,2
RBGS11,Shoppings,"R$ 39,19",37.0,"R$ 0,28","0,70%","1,77%","1,77%","5,16%","0,59%","0,29%","0,43%","1,65%","-3,33%","-2,66%","-1,73%","R$ 98.103.616,53","R$ 91,01","0,43",N/A,N/A,N/A,N/A,"11,50%",N/A,1
WPLZ11,Shoppings,"R$ 64,11",174.0,"R$ 0,10","0,15%","0,15%","0,00%","0,00%","0,05%","0,00%","0,00%","0,15%","-3,64%","-3,50%","-3,50%","R$ 107.158.704,61","R$ 104,98","0,61",N/A,N/A,N/A,N/A,"9,40%",N/A,1
HMOC11,Shoppings,"R$ 226,95",115.0,"R$ 51,82","22,83%","23,71%","24,88%","25,51%","7,90%","4,15%","2,13%","23,71%","0,00%","22,83%","23,92%","R$ 91.223.530,50","R$ 238,79","0,95","0,42%","0,12%","0,54%","0,96%","1,80%",N/A,1
HMOC11,Shoppings,"R$ 226,95",115.0,"R$ 23,00","10,13%","11,02%","12,18%","12,81%","3,67%","2,03%","1,07%","11,02%","0,00%","10,13%","11,11%","R$ 91.223.530,50","R$ 238,79","0,95","0,42%","0,12%","0,54%","0,96%","1,80%",N/A,1
HMOC11,Shoppings,"R$ 226,95",115.0,"R$ 23,00","10,13%","11,02%","12,18%","12,81%","3,67%","2,03%","1,07%","11,02%","0,00%","10,13%","11,11%","R$ 91.223.530,50","R$ 238,79","0,95","0,42%","0,12%","0,54%","0,96%","1,80%",N/A,1
HMOC11,Shoppings,"R$ 226,95",115.0,"R$ 23,00","10,13%","11,02%","12,18%","12,81%","3,67%","2,03%","1,07%","11,02%","0,00%","10,13%","11,11%","R$ 91.223.530,50","R$ 238,79","0,95","0,42%","0,12%","0,54%","0,96%","1,80%",N/A,1
HMOC11,Shoppings,"R$ 226,95",115.0,"R$ 23,80","10,49%","11,37%","12,53%","13,16%","3,79%","2,09%","1,10%","11,37%","0,00%","10,49%","11,46%","R$ 91.223.530,50","R$ 238,79","0,95","0,42%","0,12%","0,54%","0,96%","1,80%",N/A,1
NSLU11,Hospital,"R$ 254,99",640.0,"R$ 1,79","0,68%","1,90%","3,82%","9,33%","0,63%","0,64%","0,78%","1,34%","-4,36%","-3,71%","-3,07%","R$ 243.850.897,79","R$ 213,01","1,20",N/A,N/A,N/A,N/A,"0,00%",N/A,1
HBRH11,Hibrido,"R$ 96,31",513.0,"R$ 0,67","0,67%","2,01%","4,06%","8,15%","0,67%","0,68%","0,68%","0,67%","0,00%","0,67%","0,67%","R$ 245.820.085,40","R$ 109,46","0,88",N/A,N/A,N/A,N/A,N/A,N/A,3
LGCP11,Logistica,"R$ 94,89",6756.0,"R$ 0,55","0,58%","1,59%","2,97%","5,85%","0,53%","0,50%","0,49%","1,59%","-4,27%","-3,71%","-2,56%","R$ 270.070.933,07","R$ 98,82","0,96",N/A,N/A,N/A,N/A,"0,00%",N/A,5
QIFF11,Titulos e Val. Mob.,"R$ 105,00",237.0,"R$ 0,75","0,73%","2,18%","4,59%","0,00%","0,73%","0,77%","0,00%","2,18%","-2,46%","-1,75%","4,39%","R$ 14.847.744,25","R$ 98,98","1,06",N/A,N/A,N/A,N/A,N/A,N/A,0
PLRI11,Titulos e Val. Mob.,"R$ 45,69",232.0,"R$ 0,09","0,20%","1,47%","3,27%","6,49%","0,49%","0,55%","0,54%","1,47%","-1,69%","-1,49%","-0,47%","R$ 52.807.296,98","R$ 55,34","0,83",N/A,N/A,N/A,N/A,N/A,N/A,0
BNFS11,Outros,"R$ 122,28",202.0,"R$ 1,00","0,81%","2,42%","4,81%","9,36%","0,81%","0,80%","0,78%","2,42%","0,08%","0,89%","0,27%","R$ 71.868.624,94","R$ 102,67","1,19",N/A,N/A,N/A,N/A,N/A,N/A,18
KISU11,Titulos e Val. Mob.,"R$ 139,80",18791.0,"R$ 0,81","0,69%","0,00%","0,00%","0,00%","0,00%","0,00%","0,00%","1,94%","5,39%","6,11%","9,83%","R$ 72.208.644,91","R$ 94,60","1,48",N/A,N/A,N/A,N/A,N/A,N/A,0
RFOF11,Titulos e Val. Mob.,"R$ 86,61",2658.0,"R$ 0,63","0,73%","2,17%","4,42%","0,00%","0,72%","0,74%","0,00%","2,17%","-2,62%","-1,91%","-1,57%","R$ 100.641.131,08","R$ 93,34","0,93",N/A,N/A,N/A,N/A,N/A,N/A,0
XPSF11,Outros,"R$ 97,81",18991.0,"R$ 0,73","0,75%","2,30%","4,61%","9,08%","0,77%","0,77%","0,76%","2,30%","-0,53%","0,22%","3,03%","R$ 424.734.197,61","R$ 98,09","1,00",N/A,N/A,N/A,N/A,N/A,N/A,0
HSAF11,Titulos e Val. Mob.,"R$ 100,75",5493.0,"R$ 1,10","1,10%","2,97%","4,40%","0,00%","0,99%","0,73%","0,00%","2,97%","1,82%","2,94%","9,23%","R$ 89.390.586,19","R$ 98,98","1,02",N/A,N/A,N/A,N/A,N/A,N/A,0
FIIP11B,Logistica,"R$ 203,00",934.0,"R$ 1,28","0,64%","1,81%","2,96%","10,50%","0,60%","0,49%","0,87%","1,81%","-1,95%","-1,31%","-1,67%","R$ 179.055.986,30","R$ 193,12","1,05",N/A,N/A,N/A,N/A,"0,00%",N/A,7
RBIV11,Titulos e Val. Mob.,"R$ 85,95",1430.0,"R$ 0,70","0,81%","2,51%","4,35%","7,60%","0,84%","0,72%","0,63%","2,51%","0,72%","1,54%","6,73%","R$ 102.840.461,30","R$ 100,39","0,86",N/A,N/A,N/A,N/A,N/A,N/A,0
BCIA11,Titulos e Val. Mob.,"R$ 101,86",8264.0,"R$ 0,64","0,61%","1,78%","3,43%","6,26%","0,59%","0,57%","0,52%","1,78%","-1,13%","-0,53%","-5,58%","R$ 420.274.460,00","R$ 113,01","0,90",N/A,N/A,N/A,N/A,N/A,N/A,0
EDFO11B,Lajes Corporativas,"R$ 247,26",60.0,"R$ 1,31","0,53%","1,70%","3,48%","6,87%","0,57%","0,58%","0,57%","1,70%","-0,81%","-0,29%","0,84%","R$ 50.400.338,53","R$ 213,56","1,16",N/A,N/A,N/A,N/A,"6,96%",N/A,1
CXCE11B,Outros,"R$ 95,00",1737.0,"R$ 0,92","1,12%","3,05%","5,63%","10,56%","1,02%","0,94%","0,88%","3,05%","-5,64%","-4,58%","-17,49%","R$ 138.995.510,65","R$ 81,14","1,17",N/A,N/A,N/A,N/A,"0,00%",N/A,1
RBVO11,Outros,"R$ 12,98",174.0,"R$ 0,02","0,18%","0,35%","1,63%","4,54%","0,12%","0,27%","0,38%","0,35%","-12,65%","-12,50%","-20,54%","R$ 11.542.549,62","R$ 22,38","0,58",N/A,N/A,N/A,N/A,N/A,N/A,0
STRX11,"",N/A,N/A,"R$ 62,13","0,00%","0,00%","0,00%","0,00%","0,00%","0,00%","0,00%",N/A,"0,00%","0,00%","0,00%","R$ 312.941.691,31","R$ 20.349,17",N/A,N/A,N/A,N/A,N/A,N/A,N/A,0
MFII11,Hibrido,"R$ 120,61",6546.0,"R$ 0,97","0,80%","2,33%","4,72%","9,53%","0,78%","0,79%","0,79%","2,33%","-7,46%","-6,71%","-7,17%","R$ 428.898.912,03","R$ 117,95","1,02",N/A,N/A,N/A,N/A,N/A,N/A,9
MFAI11,Hibrido,"R$ 102,00",799.0,"R$ 1,00","0,95%","2,18%","5,79%","0,00%","0,73%","0,97%","0,00%","2,18%","-1,33%","-0,39%","-8,76%","R$ 29.080.317,69","R$ 95,92","1,06",N/A,N/A,N/A,N/A,N/A,N/A,0
FPAB11,Lajes Corporativas,"R$ 279,98",2836.0,"R$ 1,20","0,44%","1,27%","2,78%","6,44%","0,42%","0,46%","0,54%","1,27%","-1,12%","-0,68%","-7,30%","R$ 336.198.709,36","R$ 448,26","0,62",N/A,N/A,N/A,N/A,"39,76%",N/A,1
TRXF11,Outros,"R$ 105,42",19591.0,"R$ 0,70","0,65%","1,93%","4,01%","7,49%","0,64%","0,67%","0,62%","1,93%","-3,92%","-3,30%","2,81%","R$ 595.926.109,36","R$ 105,63","1,00",N/A,N/A,N/A,N/A,"0,00%",N/A,43
VLOL11,Lajes Corporativas,"R$ 101,96",3230.0,"R$ 0,46","0,45%","1,25%","2,47%","5,13%","0,42%","0,41%","0,43%","1,25%","-2,10%","-1,66%","0,77%","R$ 172.897.655,91","R$ 96,87","1,05",N/A,N/A,N/A,N/A,"4,00%",N/A,1
PATC11,Lajes Corporativas,"R$ 68,12",4438.0,"R$ 0,31","0,45%","1,16%","2,21%","4,04%","0,39%","0,37%","0,34%","1,16%","-20,23%","-19,87%","-17,19%","R$ 301.119.063,31","R$ 86,59","0,79",N/A,N/A,N/A,N/A,"15,20%","10,30%",5
AIEC11,Lajes Corporativas,"R$ 88,03",7738.0,"R$ 0,57","0,63%","1,85%","0,00%","0,00%","0,62%","0,00%","0,00%","1,85%","-3,23%","-2,61%","-1,95%","R$ 483.596.768,76","R$ 100,23","0,88",N/A,N/A,N/A,N/A,"0,00%",N/A,2
PQDP11,Shoppings,"R$ 2.821,00",90.0,"R$ 11,59","0,42%","1,24%","2,05%","4,69%","0,41%","0,34%","0,39%","0,96%","-3,68%","-3,28%","-2,75%","R$ 858.198.969,76","R$ 3.598,67","0,78",N/A,N/A,N/A,N/A,"4,20%",N/A,1
FIIB11,Hibrido,"R$ 498,96",699.0,"R$ 3,10","0,62%","1,72%","3,25%","5,72%","0,57%","0,54%","0,48%","1,18%","-4,40%","-3,81%","-3,26%","R$ 303.120.333,38","R$ 442,51","1,13",N/A,N/A,N/A,N/A,"3,93%",N/A,1
JSRE11,Hibrido,"R$ 93,09",43775.0,"R$ 0,53","0,56%","1,63%","3,29%","6,15%","0,54%","0,55%","0,51%","1,63%","-3,41%","-2,87%","-3,90%","R$ 2.357.857.312,16","R$ 113,54","0,82",N/A,N/A,N/A,N/A,"11,60%","7,80%",5
HABT11,Titulos e Val. Mob.,"R$ 120,01",22525.0,"R$ 1,50","1,25%","3,26%","7,15%","11,88%","1,09%","1,19%","0,99%","3,26%","-2,31%","-1,10%","-0,91%","R$ 547.290.224,41","R$ 101,12","1,19",N/A,N/A,N/A,N/A,N/A,N/A,0
IFID11,Titulos e Val. Mob.,"R$ 96,00",590.0,"R$ 0,69","0,69%","0,69%","0,69%","0,69%","0,23%","0,12%","0,06%","0,69%","-0,50%","0,19%","0,19%","R$ 70.830.123,60","R$ 94,67","1,01",N/A,N/A,N/A,N/A,N/A,N/A,0
HGBS11,Shoppings,"R$ 202,67",8086.0,"R$ 0,40","0,20%","0,95%","1,73%","2,62%","0,32%","0,29%","0,22%","0,95%","-3,29%","-3,10%","-5,27%","R$ 2.200.209.177,42","R$ 220,02","0,92",N/A,N/A,N/A,N/A,"7,67%",N/A,17
SDIL11,Logistica,"R$ 99,10",12829.0,"R$ 0,60","0,60%","1,76%","3,52%","6,43%","0,59%","0,59%","0,54%","1,76%","-3,29%","-2,71%","-2,43%","R$ 661.815.225,95","R$ 103,49","0,96",N/A,N/A,N/A,N/A,"13,30%",N/A,3
KNSC11,Titulos e Val. Mob.,"R$ 101,92",33147.0,"R$ 0,91","0,83%","3,09%","0,00%","0,00%","1,03%","0,00%","0,00%","3,09%","2,44%","3,30%","8,60%","R$ 246.933.690,22","R$ 93,79","1,09",N/A,N/A,N/A,N/A,N/A,N/A,0
FIGS11,Shoppings,"R$ 58,16",2286.0,"R$ 0,10","0,17%","1,05%","2,29%","0,00%","0,35%","0,38%","0,00%","1,05%","-7,73%","-7,57%","-10,73%","R$ 268.691.469,02","R$ 94,28","0,62",N/A,N/A,N/A,N/A,"12,10%",N/A,2
VIFI11,Titulos e Val. Mob.,"R$ 88,15",9312.0,"R$ 0,60","0,68%","1,97%","3,90%","0,00%","0,66%","0,65%","0,00%","1,97%","-5,27%","-4,62%","-4,15%","R$ 280.597.594,24","R$ 99,77","0,88",N/A,N/A,N/A,N/A,N/A,N/A,0
VILG11,Logistica,"R$ 117,53",37850.0,"R$ 0,45","0,38%","1,36%","2,65%","5,37%","0,45%","0,44%","0,45%","1,36%","-4,46%","-4,10%","-1,15%","R$ 1.715.440.589,03","R$ 114,38","1,03",N/A,N/A,N/A,N/A,"1,10%",N/A,13
VCJR11,Titulos e Val. Mob.,"R$ 102,98",7909.0,"R$ 0,60","0,57%","1,96%","4,77%","7,71%","0,65%","0,79%","0,64%","1,96%","-0,46%","0,11%","1,01%","R$ 1.141.413.861,35","R$ 98,36","1,05",N/A,N/A,N/A,N/A,N/A,N/A,0
TGAR11,Outros,"R$ 140,20",29445.0,"R$ 1,30","0,95%","2,59%","5,26%","10,47%","0,86%","0,88%","0,87%","2,59%","-4,39%","-3,48%","-2,17%","R$ 952.034.746,67","R$ 128,68","1,09",N/A,N/A,N/A,N/A,N/A,N/A,0
KFOF11,Titulos e Val. Mob.,"R$ 95,90",3111.0,"R$ 0,55","0,58%","1,61%","2,96%","5,93%","0,54%","0,49%","0,49%","1,61%","-6,60%","-6,06%","-5,75%","R$ 473.325.166,32","R$ 104,41","0,92",N/A,N/A,N/A,N/A,N/A,N/A,0
KNRI11,Hibrido,"R$ 150,30",21264.0,"R$ 0,69","0,45%","1,32%","2,54%","4,91%","0,44%","0,42%","0,41%","1,32%","-3,51%","-3,08%","-3,16%","R$ 3.751.807.943,34","R$ 155,32","0,97",N/A,N/A,N/A,N/A,"6,44%","11,02%",20
MXRF11,Hibrido,"R$ 10,58",616723.0,"R$ 0,08","0,77%","2,26%","4,07%","7,99%","0,75%","0,68%","0,67%","2,26%","-3,70%","-2,96%","0,16%","R$ 2.020.557.088,53","R$ 10,09","1,05",N/A,N/A,N/A,N/A,N/A,N/A,0
HUSC11,Outros,"R$ 131,50",21.0,"R$ 0,73","0,53%","1,48%","2,93%","5,10%","0,49%","0,49%","0,43%","1,48%","-10,73%","-10,25%","-9,33%","R$ 103.056.744,44","R$ 129,69","1,01",N/A,N/A,N/A,N/A,N/A,N/A,0
BCRI11,Titulos e Val. Mob.,"R$ 116,85",14469.0,"R$ 1,15","1,01%","2,65%","5,62%","9,82%","0,88%","0,94%","0,82%","2,65%","0,50%","1,51%","-0,95%","R$ 472.146.976,85","R$ 107,31","1,09",N/A,N/A,N/A,N/A,N/A,N/A,0
HSML11,Shoppings,"R$ 87,10",21942.0,"R$ 0,16","0,18%","1,13%","2,67%","4,28%","0,38%","0,45%","0,36%","1,13%","-4,59%","-4,41%","-9,21%","R$ 1.533.108.424,80","R$ 97,15","0,90",N/A,N/A,N/A,N/A,"5,50%",N/A,5
XPPR11,Outros,"R$ 67,25",21933.0,"R$ 0,48","0,70%","1,98%","4,24%","9,30%","0,66%","0,71%","0,78%","1,98%","-2,85%","-2,17%","-13,33%","R$ 638.121.228,42","R$ 87,22","0,77",N/A,N/A,N/A,N/A,"38,00%",N/A,4
VSHO11,Shoppings,"R$ 70,55",1555.0,"R$ 0,10","0,14%","0,40%","0,73%","4,23%","0,13%","0,12%","0,35%","0,40%","-6,11%","-5,98%","-13,14%","R$ 210.921.506,35","R$ 100,50","0,70",N/A,N/A,N/A,N/A,"6,81%",N/A,3
XPLG11,Logistica,"R$ 115,18",38956.0,"R$ 0,59","0,51%","1,47%","2,85%","5,59%","0,49%","0,48%","0,47%","1,47%","-3,59%","-3,10%","-2,81%","R$ 3.001.645.978,98","R$ 110,76","1,04",N/A,N/A,N/A,N/A,"8,20%","3,20%",13
GTWR11,Lajes Corporativas,"R$ 106,49",16005.0,"R$ 0,67","0,63%","1,89%","3,68%","7,22%","0,63%","0,61%","0,60%","1,89%","0,00%","0,63%","0,55%","R$ 1.209.548.145,81","R$ 100,80","1,06",N/A,N/A,N/A,N/A,"0,00%","0,00%",1
BPFF11,Titulos e Val. Mob.,"R$ 77,36",23898.0,"R$ 0,57","0,74%","2,17%","4,11%","7,71%","0,72%","0,68%","0,64%","2,17%","-2,54%","-1,82%","-2,02%","R$ 382.326.190,25","R$ 85,11","0,91",N/A,N/A,N/A,N/A,N/A,N/A,0
RBFF11,Titulos e Val. Mob.,"R$ 67,57",10353.0,"R$ 0,50","0,74%","1,91%","4,14%","7,91%","0,64%","0,69%","0,66%","1,91%","-6,47%","-5,78%","-8,12%","R$ 274.644.002,77","R$ 73,30","0,92",N/A,N/A,N/A,N/A,N/A,N/A,0
BRCO11,Logistica,"R$ 109,53",16635.0,"R$ 0,54","0,48%","1,45%","2,83%","5,54%","0,48%","0,47%","0,46%","1,45%","-0,71%","-0,23%","-0,68%","R$ 1.602.722.548,57","R$ 108,45","1,01",N/A,N/A,N/A,N/A,"3,30%","0,00%",10
CTXT11,Lajes Corporativas,"R$ 28,50",354.0,"R$ 0,05","0,17%","0,58%","2,41%","7,06%","0,19%","0,40%","0,59%","0,58%","-10,37%","-10,22%","-23,25%","R$ 125.469.665,32","R$ 48,36","0,59",N/A,N/A,N/A,N/A,"58,00%",N/A,1
ARRI11,Titulos e Val. Mob.,"R$ 107,00",1247.0,"R$ 1,15","1,15%","3,50%","6,12%","9,48%","1,17%","1,02%","0,79%","3,50%","-1,18%","-0,04%","8,77%","R$ 37.842.289,81","R$ 96,44","1,11",N/A,N/A,N/A,N/A,N/A,N/A,0
SHPH11,Shoppings,"R$ 821,01",2971.0,"R$ 1,63","0,20%","1,03%","2,27%","3,11%","0,34%","0,38%","0,26%","1,03%","-2,50%","-2,31%","-0,57%","R$ 499.660.320,46","R$ 820,53","1,00",N/A,N/A,N/A,N/A,"10,90%",N/A,1
LASC11,Shoppings,"R$ 92,02",7.0,"R$ 0,48","0,50%","1,56%","2,94%","0,00%","0,52%","0,49%","0,00%","1,56%","-0,62%","-0,12%","-2,13%","R$ 259.395.088,16","R$ 103,01","0,89",N/A,N/A,N/A,N/A,"3,50%",N/A,3
BARI11,Titulos e Val. Mob.,"R$ 108,66",16044.0,"R$ 1,10","0,97%","4,16%","7,94%","12,30%","1,39%","1,32%","1,02%","4,16%","-0,61%","0,35%","3,40%","R$ 470.320.207,07","R$ 101,49","1,07",N/A,N/A,N/A,N/A,N/A,N/A,0
HGRU11,Hibrido,"R$ 123,00",57110.0,"R$ 0,68","0,55%","1,61%","3,24%","6,53%","0,54%","0,54%","0,54%","1,61%","-3,21%","-2,68%","-2,17%","R$ 2.167.663.009,67","R$ 117,77","1,04",N/A,N/A,N/A,N/A,"0,00%","0,00%",16
HGLG11,Logistica,"R$ 171,91",32432.0,"R$ 0,78","0,44%","1,31%","3,71%","6,21%","0,44%","0,62%","0,52%","1,31%","-1,68%","-1,25%","-0,75%","R$ 2.709.068.264,88","R$ 146,94","1,17",N/A,N/A,N/A,N/A,"15,20%","6,50%",17
HGPO11,Lajes Corporativas,"R$ 220,11",1259.0,"R$ 1,01","0,45%","1,33%","2,61%","5,23%","0,44%","0,44%","0,44%","1,33%","-2,45%","-2,00%","-2,43%","R$ 401.912.421,14","R$ 243,58","0,90",N/A,N/A,N/A,N/A,"1,73%","1,72%",2
SADI11,Titulos e Val. Mob.,"R$ 84,20",3457.0,"R$ 0,19","0,23%","0,74%","1,36%","3,13%","0,25%","0,23%","0,26%","0,74%","5,16%","5,41%","6,87%","R$ 319.481.216,39","R$ 100,46","0,84",N/A,N/A,N/A,N/A,N/A,N/A,0
HSLG11,Logistica,"R$ 107,20",4248.0,"R$ 0,58","0,52%","0,00%","0,00%","0,00%","0,00%","0,00%","0,00%","1,55%","-1,69%","-1,18%","-1,10%","R$ 1.333.583.813,25","R$ 105,34","1,02",N/A,N/A,N/A,N/A,"4,60%",N/A,5
RBCO11,Lajes Corporativas,"R$ 60,74",3950.0,"R$ 0,42","0,61%","1,93%","3,80%","6,73%","0,64%","0,63%","0,56%","1,93%","-10,22%","-9,67%","-17,54%","R$ 385.537.348,53","R$ 102,02","0,60",N/A,N/A,N/A,N/A,"32,00%","14,00%",4
IFIE11,Titulos e Val. Mob.,"R$ 97,44",558.0,"R$ 0,45","0,45%","1,33%","0,00%","0,00%","0,44%","0,00%","0,00%","1,33%","-0,77%","-0,32%","6,85%","R$ 80.938.474,29","R$ 89,88","1,08",N/A,N/A,N/A,N/A,N/A,N/A,0
LUGG11,Residencial,"R$ 95,51",234.0,"R$ 0,49","0,51%","1,47%","2,80%","5,53%","0,49%","0,47%","0,46%","1,47%","-4,21%","-3,72%","-2,79%","R$ 98.595.794,26","R$ 109,55","0,87",N/A,N/A,N/A,N/A,"2,70%",N/A,4
KNRE11,Residencial,"R$ 2,93",8367.0,"R$ 0,00",N/A,N/A,N/A,N/A,N/A,N/A,N/A,N/A,N/A,N/A,N/A,"R$ 46.559.526,38","R$ 2,51","1,17",N/A,N/A,N/A,N/A,N/A,N/A,0
CXTL11,Logistica,"R$ 305,00",24.0,"R$ 2,73",N/A,N/A,N/A,N/A,N/A,N/A,N/A,N/A,N/A,N/A,N/A,"R$ 33.983.424,56","R$ 634,05","0,48",N/A,N/A,N/A,N/A,"68,10%","71,10%",4
LVBI11,Logistica,"R$ 107,89",35556.0,"R$ 0,52","0,46%","1,30%","2,26%","5,38%","0,43%","0,38%","0,45%","0,85%","-3,39%","-2,95%","-2,56%","R$ 1.298.801.100,70","R$ 110,30","0,98",N/A,N/A,N/A,N/A,"3,30%",N/A,8
PVBI11,Lajes Corporativas,"R$ 95,81",19928.0,"R$ 0,50","0,52%","1,54%","3,00%","0,00%","0,51%","0,50%","0,00%","1,03%","-1,20%","-0,69%","-0,18%","R$ 937.390.900,16","R$ 96,44","0,99",N/A,N/A,N/A,N/A,"0,00%","0,00%",2
MALL11,Shoppings,"R$ 97,99",19721.0,"R$ 0,45","0,47%","1,66%","3,39%","4,71%","0,55%","0,57%","0,39%","1,66%","-5,11%","-4,67%","-8,20%","R$ 794.035.289,87","R$ 105,03","0,93",N/A,N/A,N/A,N/A,"3,00%",N/A,7
XPCI11,Outros,"R$ 98,94",35620.0,"R$ 0,90","0,94%","2,65%","4,86%","8,80%","0,88%","0,81%","0,73%","2,65%","0,63%","1,57%","1,93%","R$ 637.443.437,06","R$ 97,07","1,02",N/A,N/A,N/A,N/A,N/A,N/A,0
VRTA11,Titulos e Val. Mob.,"R$ 115,37",18590.0,"R$ 0,90","0,78%","2,35%","4,46%","8,24%","0,78%","0,74%","0,69%","2,35%","-0,36%","0,42%","1,63%","R$ 1.002.329.166,68","R$ 100,23","1,15",N/A,N/A,N/A,N/A,N/A,N/A,0
OUJP11,Titulos e Val. Mob.,"R$ 102,97",14879.0,"R$ 0,65","0,61%","2,00%","4,31%","7,47%","0,67%","0,72%","0,62%","2,00%","5,00%","5,63%","1,03%","R$ 284.435.065,39","R$ 103,77","0,99",N/A,N/A,N/A,N/A,N/A,N/A,0
HFOF11,Titulos e Val. Mob.,"R$ 100,00",16679.0,"R$ 0,56","0,56%","1,62%","3,39%","7,26%","0,54%","0,57%","0,61%","1,62%","-2,57%","-2,03%","-1,81%","R$ 2.077.612.502,78","R$ 96,42","1,04",N/A,N/A,N/A,N/A,N/A,N/A,0
RBRS11,"","R$ 71,80",1665.0,"R$ 0,40","0,50%","0,00%","0,00%","0,00%","0,00%","0,00%","0,00%","1,37%","-11,06%","-10,62%","-12,84%","R$ 101.072.387,59","R$ 96,75","0,74",N/A,N/A,N/A,N/A,N/A,N/A,0
VISC11,Shoppings,"R$ 107,74",22987.0,"R$ 0,18","0,16%","1,16%","2,37%","3,55%","0,39%","0,39%","0,30%","1,16%","-3,64%","-3,48%","-4,44%","R$ 1.706.699.631,90","R$ 119,59","0,90",N/A,N/A,N/A,N/A,"7,90%",N/A,15
KNHY11,Titulos e Val. Mob.,"R$ 113,00",25962.0,"R$ 1,12","0,98%","3,34%","6,09%","8,72%","1,11%","1,01%","0,73%","3,34%","-1,92%","-0,97%","5,22%","R$ 1.090.085.608,03","R$ 101,96","1,11",N/A,N/A,N/A,N/A,N/A,N/A,0
HLOG11,Logistica,"R$ 115,75",2280.0,"R$ 0,63","0,54%","1,60%","3,30%","6,37%","0,53%","0,55%","0,53%","1,60%","-1,19%","-0,66%","-0,17%","R$ 509.246.269,02","R$ 119,82","0,97",N/A,N/A,N/A,N/A,"17,00%",N/A,3
KNIP11,Titulos e Val. Mob.,"R$ 114,10",112845.0,"R$ 1,02","0,88%","3,03%","5,78%","9,17%","1,01%","0,96%","0,76%","3,03%","-0,02%","0,86%","5,05%","R$ 4.801.881.923,30","R$ 101,88","1,12",N/A,N/A,N/A,N/A,N/A,N/A,0
HPDP11,Shoppings,"R$ 82,00",326.0,"R$ 0,03","0,04%","0,63%","1,76%","2,89%","0,21%","0,29%","0,24%","0,63%","-5,17%","-5,13%","-3,02%","R$ 293.505.622,22","R$ 100,90","0,81",N/A,N/A,N/A,N/A,"3,40%",N/A,1
KNCR11,Titulos e Val. Mob.,"R$ 93,68",38392.0,"R$ 0,33","0,35%","0,95%","2,05%","3,99%","0,32%","0,34%","0,33%","0,95%","4,60%","4,97%","6,29%","R$ 3.845.645.753,25","R$ 98,36","0,95",N/A,N/A,N/A,N/A,N/A,N/A,0
HREC11,Titulos e Val. Mob.,"R$ 104,13",9.0,"R$ 0,80","0,77%","1,50%","0,00%","0,00%","0,50%","0,00%","0,00%","1,50%","0,73%","1,50%","2,24%","R$ 87.571.342,35","R$ 97,09","1,07",N/A,N/A,N/A,N/A,N/A,N/A,0
VINO11,Lajes Corporativas,"R$ 60,80",38172.0,"R$ 0,45","0,73%","2,16%","3,99%","7,88%","0,72%","0,67%","0,66%","2,16%","-0,34%","0,39%","-1,03%","R$ 764.666.376,16","R$ 60,33","1,01",N/A,N/A,N/A,N/A,"3,70%",N/A,9
ABCP11,Shoppings,"R$ 74,56",966.0,"R$ 0,05","0,06%","1,30%","2,69%","3,96%","0,43%","0,45%","0,33%","1,30%","1,82%","1,88%","1,90%","R$ 1.077.720.548,83","R$ 88,31","0,84",N/A,N/A,N/A,N/A,"3,90%",N/A,1
PQAG11,Logistica,"R$ 64,00",5295.0,"R$ 0,36","0,53%","1,53%","0,00%","0,00%","0,51%","0,00%","0,00%","1,53%","-4,17%","-3,66%","-2,06%","R$ 760.757.277,02","R$ 54,37","1,18",N/A,N/A,N/A,N/A,"0,00%",N/A,1
VOTS11,Titulos e Val. Mob.,"R$ 85,99",1.0,"R$ 0,44","0,52%","1,31%","2,61%","4,98%","0,44%","0,43%","0,41%","1,31%","4,25%","4,79%","5,61%","R$ 81.930.949,73","R$ 98,96","0,87",N/A,N/A,N/A,N/A,N/A,N/A,0
JFLL11,Residencial,"R$ 95,40",379.0,"R$ 0,62","0,66%","0,00%","0,00%","0,00%","0,00%","0,00%","0,00%","1,40%","1,31%","1,98%","-4,93%","R$ 145.084.057,88","R$ 96,68","0,99",N/A,N/A,N/A,N/A,"30,00%",N/A,2
PLCR11,Hibrido,"R$ 95,50",6339.0,"R$ 0,80","0,83%","2,58%","4,81%","7,25%","0,86%","0,80%","0,60%","2,58%","1,75%","2,60%","4,07%","R$ 207.872.210,94","R$ 98,56","0,97",N/A,N/A,N/A,N/A,N/A,N/A,0
BBFI11B,Lajes Corporativas,"R$ 2.500,00",174.0,"R$ 30,00","1,25%","3,83%","6,65%","12,58%","1,28%","1,11%","1,05%","3,83%","8,03%","9,39%","9,99%","R$ 328.167.088,99","R$ 2.524,36","0,99",N/A,N/A,N/A,N/A,"72,20%",N/A,2
RZTR11,Hibrido,"R$ 105,00",23344.0,"R$ 0,80","0,78%","2,35%","0,00%","0,00%","0,78%","0,00%","0,00%","2,35%","-0,96%","-0,18%","-2,46%","R$ 469.216.242,21","R$ 96,67","1,09",N/A,N/A,N/A,N/A,N/A,N/A,0
NEWL11,Hibrido,"R$ 104,20",349.0,"R$ 0,90","0,87%","2,57%","5,13%","7,52%","0,86%","0,85%","0,63%","2,57%","-1,87%","-1,01%","0,17%","R$ 137.967.084,81","R$ 110,66","0,94",N/A,N/A,N/A,N/A,"0,00%",N/A,1
RBVA11,Outros,"R$ 108,90",8725.0,"R$ 0,85","0,77%","2,37%","4,68%","8,71%","0,79%","0,78%","0,73%","2,37%","-0,23%","0,54%","-0,31%","R$ 1.323.970.702,68","R$ 114,25","0,95",N/A,N/A,N/A,N/A,"0,60%",N/A,72
VTLT11,Logistica,"R$ 110,50",3745.0,"R$ 0,75","0,67%","1,97%","3,82%","7,09%","0,66%","0,64%","0,59%","1,97%","-2,33%","-1,68%","-1,74%","R$ 216.125.538,57","R$ 102,19","1,08",N/A,N/A,N/A,N/A,"0,00%","0,00%",1
NVHO11,Hospital,"R$ 14,96",349.0,"R$ 0,07","0,47%","1,22%","3,46%","6,31%","0,41%","0,58%","0,53%","1,22%","-8,76%","-8,34%","-28,24%","R$ 513.175.023,20","R$ 12,37","1,21",N/A,N/A,N/A,N/A,N/A,N/A,1
BBRC11,Outros,"R$ 115,66",994.0,"R$ 0,94","0,79%","2,31%","4,28%","8,33%","0,77%","0,71%","0,69%","2,31%","-1,51%","-0,73%","-3,93%","R$ 179.020.584,78","R$ 112,59","1,03",N/A,N/A,N/A,N/A,"5,40%","2,10%",20
BBPO11,Lajes Corporativas,"R$ 115,04",7339.0,"R$ 1,08","0,93%","2,83%","5,27%","9,61%","0,94%","0,88%","0,80%","2,83%","2,38%","3,34%","3,84%","R$ 1.601.777.328,99","R$ 100,62","1,14",N/A,N/A,N/A,N/A,"0,00%","0,00%",64
SPTW11,Lajes Corporativas,"R$ 62,35",4884.0,"R$ 5,15","6,36%","8,43%","11,53%","16,51%","2,81%","1,92%","1,38%","8,43%","-1,30%","4,98%","0,98%","R$ 93.346.867,45","R$ 51,92","1,20",N/A,N/A,N/A,N/A,"0,00%",N/A,1
XPCM11,Lajes Corporativas,"R$ 41,83",9927.0,"R$ 0,38","0,94%","2,53%","8,76%","17,88%","0,84%","1,46%","1,49%","2,53%","-0,49%","0,44%","-28,84%","R$ 175.883.719,98","R$ 72,84","0,57",N/A,N/A,N/A,N/A,"100,00%",N/A,1
RNGO11,Lajes Corporativas,"R$ 61,86",2638.0,"R$ 0,39","0,60%","1,79%","3,76%","7,33%","0,60%","0,63%","0,61%","1,79%","0,03%","0,64%","-6,70%","R$ 270.805.175,79","R$ 101,20","0,61",N/A,N/A,N/A,N/A,"24,20%",N/A,3
TEPP11,Lajes Corporativas,"R$ 80,00",3212.0,"R$ 0,45","0,52%","1,59%","3,25%","6,57%","0,53%","0,54%","0,55%","1,59%","-2,87%","-2,36%","-3,47%","R$ 400.243.437,11","R$ 94,80","0,84",N/A,N/A,N/A,N/A,"20,00%",N/A,4
RBED11,Outros,"R$ 142,55",2754.0,"R$ 1,03","0,71%","2,05%","3,98%","7,67%","0,68%","0,66%","0,64%","2,05%","-3,76%","-3,07%","-3,93%","R$ 269.145.282,00","R$ 150,59","0,95",N/A,N/A,N/A,N/A,"0,00%",N/A,5
URPR11,Outros,"R$ 129,27",29155.0,"R$ 2,87","2,16%","5,53%","10,97%","0,00%","1,84%","1,83%","0,00%","5,53%","3,72%","5,96%","8,54%","R$ 74.476.869,36","R$ 98,68","1,31",N/A,N/A,N/A,N/A,N/A,N/A,0
PATL11,Hibrido,"R$ 93,00",14502.0,"R$ 0,57","0,63%","1,82%","3,51%","0,00%","0,61%","0,58%","0,00%","1,82%","-1,48%","-0,86%","-0,92%","R$ 482.493.670,47","R$ 96,66","0,96",N/A,N/A,N/A,N/A,"7,00%","0,00%",2
JPPA11,Titulos e Val. Mob.,"R$ 98,99",78.0,"R$ 1,05","1,05%","2,66%","4,68%","0,00%","0,89%","0,78%","0,00%","2,66%","1,01%","2,07%","3,25%","R$ 61.691.176,85","R$ 102,14","0,97",N/A,N/A,N/A,N/A,N/A,N/A,0
GALG11,Hibrido,"R$ 111,30",32700.0,"R$ 0,84","0,74%","2,20%","0,00%","0,00%","0,73%","0,00%","0,00%","2,20%","-2,21%","-1,48%","4,04%","R$ 571.559.089,48","R$ 101,83","1,09",N/A,N/A,N/A,N/A,"0,00%","0,00%",6
HGFF11,Titulos e Val. Mob.,"R$ 89,00",11059.0,"R$ 0,55","0,60%","1,75%","3,88%","7,24%","0,58%","0,65%","0,60%","1,75%","-2,45%","-1,87%","-3,87%","R$ 277.317.662,35","R$ 96,84","0,92",N/A,N/A,N/A,N/A,N/A,N/A,0
CBOP11,Lajes Corporativas,"R$ 73,70",550.0,"R$ 0,49","0,63%","1,96%","4,42%","7,90%","0,65%","0,74%","0,66%","1,96%","3,53%","4,19%","8,91%","R$ 128.454.376,14","R$ 90,78","0,81",N/A,N/A,N/A,N/A,"10,37%","10,63%",1
AFCR11,Hibrido,"R$ 116,45",994.0,"R$ 1,07","0,91%","2,65%","5,15%","0,00%","0,88%","0,86%","0,00%","2,65%","2,66%","3,60%","4,42%","R$ 122.174.377,34","R$ 102,90","1,13",N/A,N/A,N/A,N/A,N/A,N/A,0
HGCR11,Titulos e Val. Mob.,"R$ 109,36",26051.0,"R$ 0,68","0,63%","1,82%","3,57%","6,57%","0,61%","0,60%","0,55%","1,82%","4,34%","5,00%","6,45%","R$ 1.295.007.398,86","R$ 104,67","1,04",N/A,N/A,N/A,N/A,N/A,N/A,0
HGRE11,Lajes Corporativas,"R$ 138,90",17616.0,"R$ 0,67","0,49%","1,39%","2,87%","5,37%","0,46%","0,48%","0,45%","1,39%","-6,89%","-6,43%","-6,85%","R$ 1.999.709.851,30","R$ 169,21","0,82",N/A,N/A,N/A,N/A,"23,42%","26,23%",21
SARE11,Hibrido,"R$ 97,49",9503.0,"R$ 0,65","0,67%","1,88%","2,59%","4,22%","0,63%","0,43%","0,35%","1,88%","-2,29%","-1,64%","3,92%","R$ 537.536.750,25","R$ 100,39","0,97",N/A,N/A,N/A,N/A,"0,00%",N/A,3
HSRE11,Hibrido,N/A,N/A,"R$ 0,27","0,00%","0,00%","0,00%","0,00%","0,00%","0,00%","0,00%",N/A,"0,00%","0,00%","0,00%","R$ 826.773.844,92","R$ 97,06",N/A,N/A,N/A,N/A,N/A,"0,00%",N/A,2
PORD11,Titulos e Val. Mob.,"R$ 103,50",2834.0,"R$ 0,86","0,82%","2,42%","4,99%","9,26%","0,81%","0,83%","0,77%","2,42%","1,06%","1,89%","3,55%","R$ 200.145.258,15","R$ 101,45","1,02",N/A,N/A,N/A,N/A,N/A,N/A,0
BICR11,Titulos e Val. Mob.,"R$ 94,48",10.0,"R$ 0,28","0,29%","0,74%","1,50%","2,92%","0,25%","0,25%","0,24%","0,74%","-2,49%","-2,21%","-1,76%","R$ 49.337.389,46","R$ 98,67","0,96",N/A,N/A,N/A,N/A,N/A,N/A,0
EURO11,Logistica,"R$ 207,10",218.0,"R$ 1,35","0,66%","1,89%","4,09%","6,29%","0,63%","0,68%","0,52%","1,89%","-3,21%","-2,57%","-4,13%","R$ 108.776.379,98","R$ 283,32","0,73",N/A,N/A,N/A,N/A,"0,00%",N/A,6
RZAK11,Titulos e Val. Mob.,"R$ 96,52",9980.0,"R$ 0,50","0,52%","0,00%","0,00%","0,00%","0,00%","0,00%","0,00%","0,52%","-3,41%","-2,91%","-2,91%","R$ 292.086.035,72","R$ 97,31","0,99",N/A,N/A,N/A,N/A,N/A,N/A,0
MAXR11,Outros,"R$ 1.830,00",72.0,"R$ 10,28","0,55%","1,89%","3,63%","7,52%","0,63%","0,61%","0,63%","1,27%","-0,66%","-0,11%","0,61%","R$ 132.901.773,12","R$ 2.243,26","0,82",N/A,N/A,N/A,N/A,"0,00%",N/A,8
BRCR11,Hibrido,"R$ 84,45",26039.0,"R$ 0,46","0,54%","1,65%","3,31%","6,20%","0,55%","0,55%","0,52%","1,11%","-0,56%","-0,02%","0,54%","R$ 2.860.888.100,33","R$ 107,40","0,79",N/A,N/A,N/A,N/A,"21,20%","9,30%",14
JRDM11,Shoppings,"R$ 68,10",358.0,"R$ 0,32","0,47%","1,28%","1,75%","2,00%","0,43%","0,29%","0,17%","0,95%","2,84%","3,32%","3,82%","R$ 220.059.228,87","R$ 87,22","0,78",N/A,N/A,N/A,N/A,"5,00%",N/A,1
QAGR11,Outros,"R$ 53,94",12535.0,"R$ 0,40","0,75%","2,10%","3,50%","5,69%","0,70%","0,58%","0,47%","1,60%","-1,16%","-0,42%","0,43%","R$ 295.099.926,08","R$ 58,55","0,92",N/A,N/A,N/A,N/A,N/A,N/A,12
FLMA11,Hibrido,"R$ 2,75",62486.0,"R$ 0,01","0,43%","1,20%","1,99%","3,11%","0,40%","0,33%","0,26%","1,20%","-2,85%","-2,43%","-7,90%","R$ 214.864.295,98","R$ 3,11","0,88",N/A,N/A,N/A,N/A,"6,00%",N/A,2
NCHB11,Titulos e Val. Mob.,"R$ 100,00",5264.0,"R$ 0,93","0,91%","2,80%","5,75%","6,09%","0,93%","0,96%","0,51%","2,80%","3,30%","4,24%","0,38%","R$ 134.161.781,39","R$ 93,04","1,07",N/A,N/A,N/A,N/A,N/A,N/A,0
DEVA11,Titulos e Val. Mob.,"R$ 115,38",38246.0,"R$ 1,54","1,32%","3,74%","0,00%","0,00%","1,25%","0,00%","0,00%","3,74%","-2,31%","-1,03%","-15,67%","R$ 630.487.217,74","R$ 98,70","1,17",N/A,N/A,N/A,N/A,N/A,N/A,0
RDPD11,Titulos e Val. Mob.,"R$ 84,00",5066.0,"R$ 0,47","0,56%","1,33%","2,79%","5,48%","0,44%","0,47%","0,46%","1,33%","3,94%","4,53%","0,86%","R$ 106.552.478,51","R$ 98,84","0,85",N/A,N/A,N/A,N/A,N/A,N/A,0
FATN11,Hibrido,"R$ 99,00",2.0,"R$ 0,66","0,67%","1,93%","3,61%","6,75%","0,64%","0,60%","0,56%","1,93%","-4,85%","-4,21%","-0,19%","R$ 55.626.400,22","R$ 100,34","0,99",N/A,N/A,N/A,N/A,"0,00%",N/A,7
BREV11,Hibrido,"R$ 107,77",1.0,"R$ 0,43","0,40%","1,02%","2,21%","0,00%","0,34%","0,37%","0,00%","1,02%","-0,95%","-0,56%","-5,08%","R$ 98.947.410,46","R$ 106,02","1,02",N/A,N/A,N/A,N/A,"21,00%",N/A,12
MGFF11,Titulos e Val. Mob.,"R$ 85,00",19681.0,"R$ 0,65","0,75%","2,24%","4,10%","7,69%","0,75%","0,68%","0,64%","2,24%","-0,78%","-0,03%","2,79%","R$ 772.429.900,08","R$ 85,35","1,00",N/A,N/A,N/A,N/A,N/A,N/A,0
CARE11,Hibrido,"R$ 0,56",2170245.0,"R$ 0,00",N/A,N/A,N/A,N/A,N/A,N/A,N/A,N/A,N/A,N/A,N/A,"R$ 289.227.548,05","R$ 1,62","0,35",N/A,N/A,N/A,N/A,N/A,N/A,0
RECT11,Hibrido,"R$ 81,84",35876.0,"R$ 0,60","0,68%","2,25%","4,50%","9,31%","0,75%","0,75%","0,78%","2,25%","1,32%","2,01%","-5,99%","R$ 768.360.581,24","R$ 93,94","0,87",N/A,N/A,N/A,N/A,"32,80%",N/A,8
BLMR11,Titulos e Val. Mob.,"R$ 88,97",9779.0,"R$ 0,55","0,61%","0,00%","0,00%","0,00%","0,00%","0,00%","0,00%","1,11%","-1,12%","-0,52%","-0,52%","R$ 243.581.512,70","R$ 95,37","0,93",N/A,N/A,N/A,N/A,N/A,N/A,0
CXRI11,Hibrido,"R$ 97,80",194.0,"R$ 0,60","0,59%","1,71%","3,21%","7,28%","0,57%","0,53%","0,61%","1,71%","0,47%","1,06%","-8,94%","R$ 148.670.811,49","R$ 94,35","1,04",N/A,N/A,N/A,N/A,N/A,N/A,0
FAED11,Outros,"R$ 164,50",777.0,"R$ 1,12","0,64%","2,03%","3,90%","7,38%","0,68%","0,65%","0,62%","2,03%","-9,08%","-8,50%","-9,85%","R$ 137.332.028,93","R$ 213,86","0,77",N/A,N/A,N/A,N/A,"0,00%",N/A,3
CEOC11,Lajes Corporativas,"R$ 70,62",608.0,"R$ 0,45","0,64%","1,93%","3,68%","7,43%","0,64%","0,61%","0,62%","1,93%","1,24%","1,89%","1,19%","R$ 157.364.588,40","R$ 86,67","0,81",N/A,N/A,N/A,N/A,"0,00%",N/A,1
BMLC11,Lajes Corporativas,"R$ 92,89",79.0,"R$ 0,51","0,55%","1,65%","3,68%","7,30%","0,55%","0,61%","0,61%","1,65%","-1,87%","-1,33%","-0,96%","R$ 106.682.383,60","R$ 106,85","0,87",N/A,N/A,N/A,N/A,"5,40%",N/A,2
BCFF11,Titulos e Val. Mob.,"R$ 85,83",47538.0,"R$ 0,56","0,65%","1,88%","3,58%","6,45%","0,63%","0,60%","0,54%","1,88%","-5,27%","-4,65%","-5,72%","R$ 1.711.037.350,87","R$ 83,21","1,03",N/A,N/A,N/A,N/A,N/A,N/A,0
DRIT11B,Lajes Corporativas,"R$ 110,49",104.0,"R$ 0,36","0,30%","0,78%","1,76%","3,57%","0,26%","0,29%","0,30%","0,78%","0,00%","0,30%","-7,11%","R$ 60.795.124,28","R$ 131,23","0,84",N/A,N/A,N/A,N/A,"23,72%",N/A,6
ONEF11,Lajes Corporativas,"R$ 140,40",82.0,"R$ 0,64","0,46%","1,34%","2,62%","5,18%","0,45%","0,44%","0,43%","1,77%","-5,14%","-4,71%","-3,52%","R$ 146.209.311,60","R$ 160,49","0,87",N/A,N/A,N/A,N/A,"0,00%",N/A,1
HCTR11,Outros,"R$ 147,00",71979.0,"R$ 2,00","1,33%","4,10%","9,06%","15,88%","1,37%","1,51%","1,32%","4,10%","0,09%","1,42%","0,42%","R$ 827.691.426,98","R$ 115,63","1,27",N/A,N/A,N/A,N/A,N/A,N/A,0
RECR11,Titulos e Val. Mob.,"R$ 107,69",29626.0,"R$ 1,00","0,92%","3,07%","7,02%","12,08%","1,02%","1,17%","1,01%","3,07%","-5,07%","-4,20%","0,41%","R$ 1.356.527.564,54","R$ 95,29","1,13",N/A,N/A,N/A,N/A,N/A,N/A,0
BTCR11,Titulos e Val. Mob.,"R$ 93,11",7511.0,"R$ 0,65","0,70%","2,01%","3,84%","6,48%","0,67%","0,64%","0,54%","2,01%","3,56%","4,28%","6,44%","R$ 465.032.643,90","R$ 96,68","0,96",N/A,N/A,N/A,N/A,N/A,N/A,0
THRA11,Lajes Corporativas,"R$ 136,00",1461.0,"R$ 0,32","0,24%","0,76%","2,04%","4,70%","0,25%","0,34%","0,39%","0,76%","1,12%","1,36%","3,06%","R$ 167.939.494,27","R$ 114,03","1,19",N/A,N/A,N/A,N/A,"9,81%",N/A,1
TORD11,Outros,"R$ 10,70",379849.0,"R$ 0,06","0,51%","2,90%","6,64%","0,00%","0,97%","1,11%","0,00%","2,90%","3,79%","4,32%","1,12%","R$ 139.136.325,71","R$ 10,27","1,04",N/A,N/A,N/A,N/A,N/A,N/A,0
CRFF11,Titulos e Val. Mob.,"R$ 78,50",28.0,"R$ 0,50","0,62%","1,75%","3,26%","6,21%","0,58%","0,54%","0,52%","1,75%","-0,63%","-0,01%","-0,09%","R$ 63.928.580,03","R$ 92,64","0,85",N/A,N/A,N/A,N/A,N/A,N/A,0
VXXV11,Outros,N/A,N/A,"R$ 10,76",N/A,N/A,N/A,N/A,N/A,N/A,N/A,N/A,N/A,N/A,N/A,"R$ 72.104.144,88","R$ 1.386,62",N/A,N/A,N/A,N/A,N/A,N/A,N/A,0
GGRC11,Logistica,"R$ 120,29",24972.0,"R$ 0,68","0,54%","1,66%","3,20%","6,18%","0,55%","0,53%","0,51%","1,66%","-11,35%","-10,87%","-9,84%","R$ 965.944.774,11","R$ 124,50","0,97",N/A,N/A,N/A,N/A,"0,00%","0,00%",15
RBBV11,Titulos e Val. Mob.,"R$ 97,00",478.0,"R$ 0,95","0,98%","2,76%","5,61%","6,82%","0,92%","0,93%","0,57%","2,76%","-2,97%","-2,02%","1,87%","R$ 126.547.951,44","R$ 100,90","0,96",N/A,N/A,N/A,N/A,N/A,N/A,1
DMAC11,Residencial,"R$ 20,59",2244.0,"R$ 29,05","36,32%","37,99%","40,96%","45,22%","12,66%","6,83%","3,77%","39,24%","-23,09%","4,85%","2,99%","R$ 16.794.383,11","R$ 107,58","0,19",N/A,N/A,N/A,N/A,N/A,N/A,0
RCRB11,Lajes Corporativas,"R$ 155,01",3549.0,"R$ 0,80","0,52%","1,51%","2,99%","6,25%","0,50%","0,50%","0,52%","1,99%","-3,18%","-2,68%","-4,86%","R$ 727.372.877,38","R$ 197,08","0,79",N/A,N/A,N/A,N/A,"7,40%",N/A,10
MBRF11,Outros,"R$ 850,00",213.0,"R$ 7,15","0,91%","2,44%","4,38%","8,71%","0,81%","0,73%","0,73%","3,13%","-9,12%","-8,29%","-18,41%","R$ 115.903.506,84","R$ 1.140,06","0,75",N/A,N/A,N/A,N/A,"0,00%",N/A,2
RBRP11,Outros,"R$ 88,24",24469.0,"R$ 0,50","0,54%","1,65%","3,44%","6,81%","0,55%","0,57%","0,57%","1,65%","1,21%","1,76%","-4,86%","R$ 747.604.356,35","R$ 87,41","1,01",N/A,N/A,N/A,N/A,"10,00%","13,00%",15
RBLG11,Logistica,"R$ 109,50",59.0,"R$ 0,30","0,00%","0,00%","0,00%","0,00%","0,00%","0,00%","0,00%",N/A,"0,00%","0,00%","0,00%","R$ 70.973.675,08","R$ 110,86","0,99",N/A,N/A,N/A,N/A,N/A,N/A,0
RRCI11,Titulos e Val. Mob.,"R$ 90,94",605.0,"R$ 0,66","0,75%","0,00%","0,00%","0,00%","0,00%","0,00%","0,00%","1,45%","0,00%","0,75%","1,46%","R$ 46.342.781,71","R$ 96,20","0,95",N/A,N/A,N/A,N/A,N/A,N/A,0
CVBI11,Titulos e Val. Mob.,"R$ 105,75",37787.0,"R$ 0,85","0,80%","3,08%","7,38%","11,41%","1,03%","1,23%","0,95%","3,08%","-2,97%","-2,19%","1,06%","R$ 596.133.216,06","R$ 100,07","1,06",N/A,N/A,N/A,N/A,N/A,N/A,0
RVBI11,Titulos e Val. Mob.,"R$ 92,97",3514.0,"R$ 0,72","0,78%","2,27%","4,36%","7,67%","0,76%","0,73%","0,64%","2,27%","0,46%","1,24%","-1,39%","R$ 136.296.671,71","R$ 94,65","0,98",N/A,N/A,N/A,N/A,N/A,N/A,0
CPFF11,Hibrido,"R$ 82,16",9634.0,"R$ 0,75","0,90%","2,81%","5,53%","7,53%","0,94%","0,92%","0,63%","2,81%","0,02%","0,93%","0,52%","R$ 332.336.800,98","R$ 83,63","0,98",N/A,N/A,N/A,N/A,N/A,N/A,0
IBFF11,Titulos e Val. Mob.,"R$ 71,84",1787.0,"R$ 0,39","0,53%","1,57%","3,22%","6,31%","0,52%","0,54%","0,53%","1,57%","-2,67%","-2,15%","-5,96%","R$ 56.959.683,31","R$ 85,44","0,84",N/A,N/A,N/A,N/A,N/A,N/A,0
IRDM11,Titulos e Val. Mob.,"R$ 139,29",51762.0,"R$ 1,28","0,92%","2,71%","5,85%","10,52%","0,90%","0,98%","0,88%","2,71%","-1,25%","-0,34%","-2,37%","R$ 2.021.543.976,46","R$ 100,85","1,38",N/A,N/A,N/A,N/A,N/A,N/A,0
VGIR11,Titulos e Val. Mob.,"R$ 94,48",8908.0,"R$ 0,50","0,53%","1,54%","3,05%","6,25%","0,51%","0,51%","0,52%","1,54%","4,11%","4,67%","7,76%","R$ 435.738.002,39","R$ 96,69","0,98",N/A,N/A,N/A,N/A,N/A,N/A,0
FEXC11,Titulos e Val. Mob.,"R$ 94,11",5435.0,"R$ 1,02","1,07%","2,69%","4,34%","8,47%","0,90%","0,72%","0,71%","2,69%","1,76%","2,84%","3,53%","R$ 327.804.671,18","R$ 95,79","0,98",N/A,N/A,N/A,N/A,N/A,N/A,0
RELG11,Hibrido,"R$ 98,96",4051.0,"R$ 0,86","0,86%","2,27%","0,00%","0,00%","0,76%","0,00%","0,00%","2,27%","3,07%","3,96%","4,04%","R$ 89.582.612,15","R$ 96,19","1,03",N/A,N/A,N/A,N/A,"15,50%","15,50%",3
RBRL11,Logistica,"R$ 108,50",10676.0,"R$ 0,63","0,59%","1,72%","3,52%","7,34%","0,57%","0,59%","0,61%","1,72%","-0,08%","0,50%","1,07%","R$ 603.493.988,52","R$ 106,56","1,02",N/A,N/A,N/A,N/A,"0,00%","0,00%",6
SCPF11,Shoppings,"R$ 9,20",387.0,"R$ 0,00","0,04%","0,68%","1,73%","2,96%","0,23%","0,29%","0,25%","0,68%","1,33%","1,37%","-9,14%","R$ 52.973.753,33","R$ 12,61","0,73",N/A,N/A,N/A,N/A,"25,10%",N/A,1
MGHT11,Hotel,"R$ 97,50",262.0,"R$ 0,60","0,62%","1,94%","3,43%","6,64%","0,65%","0,57%","0,55%","1,94%","0,47%","1,09%","-0,61%","R$ 106.036.443,32","R$ 101,17","0,96",N/A,N/A,N/A,N/A,N/A,N/A,0
CPTS11,Titulos e Val. Mob.,"R$ 102,21",88490.0,"R$ 1,01","0,98%","3,04%","6,03%","10,28%","1,01%","1,00%","0,86%","3,04%","3,33%","4,34%","3,38%","R$ 1.748.061.798,94","R$ 95,11","1,07",N/A,N/A,N/A,N/A,N/A,N/A,0
RBRY11,Titulos e Val. Mob.,"R$ 103,98",7168.0,"R$ 0,70","0,66%","2,08%","4,30%","8,03%","0,69%","0,72%","0,67%","2,08%","0,28%","0,94%","0,95%","R$ 351.034.322,70","R$ 103,33","1,01",N/A,N/A,N/A,N/A,N/A,N/A,0
RBRR11,Titulos e Val. Mob.,"R$ 100,81",18706.0,"R$ 0,70","0,70%","1,96%","3,65%","6,83%","0,65%","0,61%","0,57%","1,96%","2,96%","3,68%","6,03%","R$ 756.871.571,86","R$ 99,09","1,02",N/A,N/A,N/A,N/A,N/A,N/A,0
RBRF11,Titulos e Val. Mob.,"R$ 93,53",35038.0,"R$ 0,60","0,64%","1,89%","4,34%","7,92%","0,63%","0,72%","0,66%","1,89%","1,06%","1,71%","-4,05%","R$ 1.253.694.924,34","R$ 91,64","1,02",N/A,N/A,N/A,N/A,N/A,N/A,0
BBFO11,Titulos e Val. Mob.,"R$ 91,00",654.0,"R$ 0,50","0,51%","0,00%","0,00%","0,00%","0,00%","0,00%","0,00%","1,12%","2,51%","3,03%","4,76%","R$ 389.795.067,98","R$ 97,35","0,93",N/A,N/A,N/A,N/A,N/A,N/A,0
BLCP11,Outros,"R$ 103,37",11.0,"R$ 0,68","0,65%","2,01%","4,14%","0,00%","0,67%","0,69%","0,00%","2,01%","2,04%","2,71%","1,79%","R$ 195.040.017,77","R$ 101,49","1,02",N/A,N/A,N/A,N/A,N/A,N/A,2
MORE11,Titulos e Val. Mob.,"R$ 94,00",2878.0,"R$ 0,57","0,59%","1,56%","4,05%","0,00%","0,52%","0,67%","0,00%","1,56%","-2,02%","-1,44%","-11,16%","R$ 229.316.670,62","R$ 98,88","0,95",N/A,N/A,N/A,N/A,N/A,N/A,0
MCCI11,Titulos e Val. Mob.,"R$ 103,02",36384.0,"R$ 0,70","0,68%","2,03%","3,79%","7,42%","0,68%","0,63%","0,62%","2,03%","-2,48%","-1,81%","1,40%","R$ 885.932.304,42","R$ 99,24","1,04",N/A,N/A,N/A,N/A,N/A,N/A,0
TRNT11,Lajes Corporativas,"R$ 146,00",230.0,"R$ 0,31","0,19%","0,71%","1,50%","3,19%","0,24%","0,25%","0,27%","0,71%","-2,35%","-2,16%","5,95%","R$ 816.249.354,88","R$ 207,40","0,70",N/A,N/A,N/A,N/A,"39,40%",N/A,1
VGIP11,Outros,"R$ 104,39",23772.0,"R$ 0,85","0,81%","2,82%","6,42%","11,34%","0,94%","1,07%","0,94%","2,82%","-9,25%","-8,52%","-5,43%","R$ 332.556.512,59","R$ 95,17","1,10",N/A,N/A,N/A,N/A,N/A,N/A,0
GCFF11,Titulos e Val. Mob.,"R$ 97,90",1696.0,"R$ 0,92","0,94%","2,74%","5,36%","0,00%","0,91%","0,89%","0,00%","2,74%","-2,49%","-1,57%","7,03%","R$ 32.936.934,84","R$ 97,27","1,01",N/A,N/A,N/A,N/A,N/A,N/A,0
WTSP11B,Hibrido,"R$ 49,70",9.0,"R$ 0,17","0,33%","0,78%","1,54%","3,49%","0,26%","0,26%","0,29%","0,78%","-3,90%","-3,58%","-4,74%","R$ 79.151.217,54","R$ 79,74","0,62",N/A,N/A,N/A,N/A,N/A,N/A,0
OULG11,Outros,"R$ 70,40",3851.0,"R$ 0,50","0,69%","2,04%","4,19%","8,13%","0,68%","0,70%","0,68%","2,04%","0,64%","1,34%","-5,04%","R$ 232.812.018,34","R$ 93,83","0,75",N/A,N/A,N/A,N/A,"0,00%",N/A,2
OUFF11,Titulos e Val. Mob.,"R$ 83,50",3764.0,"R$ 0,70","0,83%","2,21%","4,53%","8,43%","0,74%","0,76%","0,70%","2,21%","-0,46%","0,37%","-1,66%","R$ 161.754.057,18","R$ 89,15","0,94",N/A,N/A,N/A,N/A,N/A,N/A,0
XPIN11,Outros,"R$ 109,26",10265.0,"R$ 0,62","0,56%","1,65%","3,25%","6,43%","0,55%","0,54%","0,54%","1,65%","-0,75%","-0,20%","-1,78%","R$ 729.732.294,31","R$ 110,79","0,99",N/A,N/A,N/A,N/A,"7,30%",N/A,5
ARCT11,Hibrido,"R$ 116,00",3367.0,"R$ 2,31","2,04%","6,63%","10,69%","18,55%","2,21%","1,78%","1,55%","6,63%","-18,70%","-17,04%","-13,21%","R$ 42.242.859,00","R$ 97,31","1,19",N/A,N/A,N/A,N/A,N/A,N/A,2
ALZR11,Logistica,"R$ 128,21",10757.0,"R$ 0,61","0,47%","1,32%","2,22%","4,87%","0,44%","0,37%","0,41%","1,32%","5,10%","5,59%","1,21%","R$ 459.176.735,74","R$ 102,51","1,25",N/A,N/A,N/A,N/A,"0,00%",N/A,13
EVBI11,Hibrido,"R$ 100,99",1242.0,"R$ 0,64",N/A,N/A,N/A,N/A,N/A,N/A,N/A,N/A,N/A,N/A,N/A,"R$ 105.838.049,81","R$ 97,78","1,03",N/A,N/A,N/A,N/A,N/A,N/A,0
OURE11,Titulos e Val. Mob.,"R$ 89,34",542.0,"R$ 0,75","0,83%","2,17%","4,90%","8,81%","0,72%","0,82%","0,73%","2,17%","-2,01%","-1,20%","-2,50%","R$ 82.837.286,05","R$ 99,58","0,90",N/A,N/A,N/A,N/A,N/A,N/A,0
XPML11,Shoppings,"R$ 106,21",26023.0,"R$ 0,15","0,14%","0,69%","2,05%","3,15%","0,23%","0,34%","0,26%","0,69%","2,64%","2,78%","-4,29%","R$ 2.006.411.657,54","R$ 110,20","0,96",N/A,N/A,N/A,N/A,"5,20%",N/A,13
BTLG11,Logistica,"R$ 113,00",52821.0,"R$ 0,63","0,56%","1,60%","3,24%","6,06%","0,53%","0,54%","0,51%","1,60%","-1,73%","-1,18%","-3,77%","R$ 1.309.829.892,03","R$ 100,88","1,12",N/A,N/A,N/A,N/A,"0,00%","0,00%",12
FCFL11,Outros,"R$ 110,00",6250.0,"R$ 0,61","0,56%","1,60%","2,99%","5,99%","0,53%","0,50%","0,50%","1,60%","-2,22%","-1,68%","-1,28%","R$ 352.271.509,56","R$ 101,40","1,08",N/A,N/A,N/A,N/A,"0,00%",N/A,1
BRLA11,Hibrido,N/A,N/A,"R$ 0,97","0,00%","0,00%","0,00%","0,00%","0,00%","0,00%","0,00%",N/A,"0,00%","0,00%","0,00%","R$ 122.505.179,38","R$ 125,49",N/A,N/A,N/A,N/A,N/A,N/A,N/A,0
HRDF11,Hibrido,"R$ 1,70",1410.0,"R$ 6,80",N/A,N/A,N/A,N/A,N/A,N/A,N/A,N/A,N/A,N/A,N/A,"R$ 13.751.330,15","R$ 1,81","0,94",N/A,N/A,N/A,N/A,N/A,N/A,0
CJCT11,Lajes Corporativas,"R$ 62,00",2621.0,"R$ 0,00",N/A,N/A,N/A,N/A,N/A,N/A,N/A,N/A,N/A,N/A,N/A,"R$ 182.926.242,57","R$ 67,50","0,92",N/A,N/A,N/A,N/A,"59,00%",N/A,1
HCRI11,Hospital,"R$ 453,00",437.0,"R$ 3,08",N/A,N/A,N/A,N/A,N/A,N/A,N/A,N/A,N/A,N/A,N/A,"R$ 60.625.329,85","R$ 303,13","1,49",N/A,N/A,N/A,N/A,"0,00%",N/A,1
AFOF11,Titulos e Val. Mob.,"R$ 183,98",5.0,"R$ 8,76",N/A,N/A,N/A,N/A,N/A,N/A,N/A,N/A,N/A,N/A,N/A,"R$ 39.057.853,78","R$ 106,39","1,73",N/A,N/A,N/A,N/A,N/A,N/A,0
VVPR11,Hibrido,"R$ 98,72",1865.0,"R$ 0,62",N/A,N/A,N/A,N/A,N/A,N/A,N/A,N/A,N/A,N/A,N/A,"R$ 231.091.836,17","R$ 100,22","0,99",N/A,N/A,N/A,N/A,"0,00%",N/A,6
BPML11,Shoppings,"R$ 87,99",780.0,"R$ 0,61",N/A,N/A,N/A,N/A,N/A,N/A,N/A,N/A,N/A,N/A,N/A,"R$ 593.265.060,03","R$ 137,81","0,64",N/A,N/A,N/A,N/A,"5,60%",N/A,7
KINP11,Residencial,"R$ 13,83",262.0,"R$ 0,19",N/A,N/A,N/A,N/A,N/A,N/A,N/A,N/A,N/A,N/A,N/A,"R$ 61.010.884,15","R$ 8,54","1,62",N/A,N/A,N/A,N/A,N/A,N/A,0
PLOG11,"","R$ 94,95",118.0,"R$ 0,04",N/A,N/A,N/A,N/A,N/A,N/A,N/A,N/A,N/A,N/A,N/A,"R$ 71.718.868,95","R$ 95,63","0,99",N/A,N/A,N/A,N/A,"0,00%",N/A,1
LFTT11,Residencial,"R$ 105,00",41.0,"R$ 0,75",N/A,N/A,N/A,N/A,N/A,N/A,N/A,N/A,N/A,N/A,N/A,"R$ 365.605.185,72","R$ 56,91","1,85",N/A,N/A,N/A,N/A,N/A,N/A,0
RNDP11,Titulos e Val. Mob.,"R$ 674,97",30.0,"R$ 175,00","21,54%","22,45%","23,89%","26,10%","7,48%","3,98%","2,17%","22,86%","-2,11%","18,98%","28,29%","R$ 100.962.386,98","R$ 939,35","0,72",N/A,N/A,N/A,N/A,N/A,N/A,0
FLRP11,Shoppings,"R$ 1.319,96",33.0,"R$ 5,65","0,43%","1,38%","2,40%","0,00%","0,46%","0,40%","0,00%","1,38%","0,00%","0,43%","0,61%","R$ 108.310.101,43","R$ 1.660,38","0,79",N/A,N/A,N/A,N/A,"1,24%",N/A,1
BTAL11,Outros,"R$ 104,30",25585.0,"R$ 0,35","0,34%","0,00%","0,00%","0,00%","0,00%","0,00%","0,00%","0,34%","0,00%","0,34%","0,34%","R$ 599.475.171,69","R$ 100,20","1,04",N/A,N/A,N/A,N/A,N/A,N/A,0
SEQR11,Outros,"R$ 92,03",1357.0,"R$ 0,67","0,73%","0,00%","0,00%","0,00%","0,00%","0,00%","0,00%","0,73%","0,00%","0,73%","0,73%","R$ 155.646.919,90","R$ 105,02","0,88",N/A,N/A,N/A,N/A,N/A,N/A,0
MGCR11,Titulos e Val. Mob.,"R$ 101,90",3425.0,"R$ 0,95","0,94%","2,58%","0,00%","0,00%","0,86%","0,00%","0,00%","2,58%","1,95%","2,91%","7,70%","R$ 68.736.081,82","R$ 95,48","1,07",N/A,N/A,N/A,N/A,N/A,N/A,0
BLMG11,Outros,"R$ 104,03",5669.0,"R$ 0,73","0,69%","0,00%","0,00%","0,00%","0,00%","0,00%","0,00%","1,38%","0,00%","0,69%","1,39%","R$ 189.043.776,02","R$ 99,50","1,05",N/A,N/A,N/A,N/A,"0,00%",N/A,1
CNES11,Lajes Corporativas,"R$ 42,46",4080.0,"R$ 0,08","0,18%","0,72%","1,82%","3,98%","0,24%","0,30%","0,33%","0,72%","-7,93%","-7,77%","-19,53%","R$ 270.777.027,80","R$ 91,81","0,46",N/A,N/A,N/A,N/A,"36,30%",N/A,1
VGHF11,Titulos e Val. Mob.,"R$ 9,55",32646.0,"R$ 0,07",N/A,N/A,N/A,N/A,N/A,N/A,N/A,N/A,N/A,N/A,N/A,"R$ 160.146.466,10","R$ 9,72","0,98",N/A,N/A,N/A,N/A,N/A,N/A,0
ERCR11,Hibrido,"R$ 90.000,00",1.0,"R$ 1,26",N/A,N/A,N/A,N/A,N/A,N/A,N/A,N/A,N/A,N/A,N/A,"R$ 222.673.897,46","R$ 93.717,97","0,96",N/A,N/A,N/A,N/A,N/A,N/A,0
BLMC11,Outros,N/A,N/A,"R$ 0,33","0,00%","0,00%","0,00%","0,00%","0,00%","0,00%","0,00%",N/A,"0,00%","0,00%","0,00%","R$ 9.934.269,90","R$ 99,34",N/A,N/A,N/A,N/A,N/A,N/A,N/A,0
EDGA11,Lajes Corporativas,"R$ 26,75",2572.0,"R$ 0,15","0,55%","1,55%","0,00%","0,00%","0,52%","0,00%","0,00%","1,55%","-0,23%","0,32%","-13,23%","R$ 300.073.035,69","R$ 78,72","0,34",N/A,N/A,N/A,N/A,"46,26%",N/A,1
